ticker,symbol,name,sector,industry,marketCap,currency,exchange,quoteType,isin
20MICRONS.NS,20MICRONS,20 Microns Limited,Basic Materials,Other Industrial Metals & Mining,6934689280,INR,NSE,EQUITY,
AARTIIND.NS,AARTIIND,Aarti Industries Limited,Basic Materials,Specialty Chemicals,135120257024,INR,NSE,EQUITY,
AARTISURF.NS,AARTISURF,Aarti Surfactants Limited,Basic Materials,Specialty Chemicals,3421127680,INR,NSE,EQUITY,
ABMINTLLTD.NS,ABMINTLLTD,ABM International Limited,Basic Materials,Specialty Chemicals,401345280,INR,NSE,EQUITY,
ACC.NS,ACC,ACC Limited,Basic Materials,Building Materials,332856000512,INR,NSE,EQUITY,
ACI.NS,ACI,Archean Chemical Industries Limited,Basic Materials,Chemicals,62821797888,INR,NSE,EQUITY,
ACL.NS,ACL,Andhra Cements Limited,Basic Materials,Building Materials,6714169344,INR,NSE,EQUITY,
ACUTAAS.NS,ACUTAAS,Acutaas Chemicals Limited,Basic Materials,Specialty Chemicals,138823974912,INR,NSE,EQUITY,
ADVANCE.NS,ADVANCE,ADVANCE AGROLIFE LIMITED,Basic Materials,Agricultural Inputs,7606286336,INR,NSE,EQUITY,
ADVENZYMES.NS,ADVENZYMES,Advanced Enzyme Technologies Limited,Basic Materials,Specialty Chemicals,34271987712,INR,NSE,EQUITY,
AEROENTER.NS,AEROENTER,Aeroflex Enterprises Limited,Basic Materials,Steel,9074780160,INR,NSE,EQUITY,
AETHER.NS,AETHER,Aether Industries Limited,Basic Materials,Specialty Chemicals,114617253888,INR,NSE,EQUITY,
AGARIND.NS,AGARIND,Agarwal Industrial Corporation Limited,Basic Materials,Specialty Chemicals,10430814208,INR,NSE,EQUITY,
AGROPHOS.NS,AGROPHOS,Agro Phos (India) Limited,Basic Materials,Agricultural Inputs,771227392,INR,NSE,EQUITY,
AKSHARCHEM.NS,AKSHARCHEM,AksharChem (India) Limited,Basic Materials,Specialty Chemicals,2011488000,INR,NSE,EQUITY,
AKZOINDIA.NS,AKZOINDIA,Akzo Nobel India Limited,Basic Materials,Specialty Chemicals,165038096384,INR,NSE,EQUITY,
ALKALI.NS,ALKALI,Alkali Metals Limited,Basic Materials,Specialty Chemicals,820648576,INR,NSE,EQUITY,
ALKYLAMINE.NS,ALKYLAMINE,Alkyl Amines Chemicals Limited,Basic Materials,Specialty Chemicals,81272889344,INR,NSE,EQUITY,
AMBUJACEM.NS,AMBUJACEM,Ambuja Cements Limited,Basic Materials,Building Materials,1356527566848,INR,NSE,EQUITY,
AMNPLST.NS,AMNPLST,Amines & Plasticizers Limited,Basic Materials,Chemicals,11298357248,INR,NSE,EQUITY,
ANDHRAPAP.NS,ANDHRAPAP,Andhra Paper Limited,Basic Materials,Paper & Paper Products,13454204928,INR,NSE,EQUITY,
ANDHRSUGAR.NS,ANDHRSUGAR,The Andhra Sugars Limited,Basic Materials,Chemicals,10273504256,INR,NSE,EQUITY,
ANKITMETAL.NS,ANKITMETAL,Ankit Metal & Power Limited,Basic Materials,Steel,241298960,INR,NSE,EQUITY,
ANURAS.NS,ANURAS,Anupam Rasayan India Ltd,Basic Materials,Specialty Chemicals,150435758080,INR,NSE,EQUITY,
APCL.NS,APCL,Anjani Portland Cement Limited,Basic Materials,Building Materials,3588304896,INR,NSE,EQUITY,
APCOTEXIND.NS,APCOTEXIND,Apcotex Industries Limited,Basic Materials,Specialty Chemicals,19676809216,INR,NSE,EQUITY,
APLAPOLLO.NS,APLAPOLLO,APL Apollo Tubes Limited,Basic Materials,Steel,481286684672,INR,NSE,EQUITY,
ARCHIDPLY.NS,ARCHIDPLY,Archidply Industries Limited,Basic Materials,Lumber & Wood Production,1878037120,INR,NSE,EQUITY,
ARENTERP.NS,ARENTERP,Rajdarshan Industries Limited,Basic Materials,Other Industrial Metals & Mining,149509232,INR,NSE,EQUITY,
ARFIN.NS,ARFIN,Arfin India Limited,Basic Materials,Aluminum,10997013504,INR,NSE,EQUITY,
ARIES.NS,ARIES,Aries Agro Limited,Basic Materials,Agricultural Inputs,4281893632,INR,NSE,EQUITY,
ARVEE.NS,ARVEE,Arvee Laboratories (India) Ltd.,Basic Materials,Specialty Chemicals,1933238528,INR,NSE,EQUITY,
ASAHISONG.NS,ASAHISONG,Asahi Songwon Colors Limited,Basic Materials,Specialty Chemicals,3675341056,INR,NSE,EQUITY,
ASHAPURMIN.NS,ASHAPURMIN,Ashapura Minechem Limited,Basic Materials,Other Industrial Metals & Mining,71740096512,INR,NSE,EQUITY,
ASHOKAMET.NS,ASHOKAMET,Ashoka Metcast Limited,Basic Materials,Steel,382938720,INR,NSE,EQUITY,
ASIANPAINT.NS,ASIANPAINT,Asian Paints Limited,Basic Materials,Specialty Chemicals,2675425411072,INR,NSE,EQUITY,
ASTEC.NS,ASTEC,Astec LifeSciences Limited,Basic Materials,Agricultural Inputs,16046139392,INR,NSE,EQUITY,
ASTRON.NS,ASTRON,Astron Paper & Board Mill Limited,Basic Materials,Paper & Paper Products,297332128,INR,NSE,EQUITY,
ATUL.NS,ATUL,Atul Ltd,Basic Materials,Specialty Chemicals,169569796096,INR,NSE,EQUITY,
AVTNPL.NS,AVTNPL,AVT Natural Products Limited,Basic Materials,Specialty Chemicals,10311149568,INR,NSE,EQUITY,
BALAMINES.NS,BALAMINES,Balaji Amines Limited,Basic Materials,Specialty Chemicals,35942887424,INR,NSE,EQUITY,
BANSALWIRE.NS,BANSALWIRE,BANSAL WIRE INDUSTRIES L,Basic Materials,Steel,49182982144,INR,NSE,EQUITY,
BASF.NS,BASF,BASF India Limited,Basic Materials,Specialty Chemicals,168649506816,INR,NSE,EQUITY,
BAYERCROP.NS,BAYERCROP,Bayer CropScience Limited,Basic Materials,Agricultural Inputs,196617158656,INR,NSE,EQUITY,
BEDMUTHA.NS,BEDMUTHA,Bedmutha Industries Limited,Basic Materials,Steel,3386105856,INR,NSE,EQUITY,
BEPL.NS,BEPL,Bhansali Engineering Polymers Limited,Basic Materials,Chemicals,22021484544,INR,NSE,EQUITY,
BERGEPAINT.NS,BERGEPAINT,Berger Paints India Limited,Basic Materials,Specialty Chemicals,629641445376,INR,NSE,EQUITY,
BESTAGRO.NS,BESTAGRO,Best Agrolife Limited,Basic Materials,Agricultural Inputs,9700254720,INR,NSE,EQUITY,
BHAGCHEM.NS,BHAGCHEM,Bhagiradha Chemicals & Industries Limited,Basic Materials,Agricultural Inputs,29845932032,INR,NSE,EQUITY,
BHAGERIA.NS,BHAGERIA,Bhageria Industries Limited,Basic Materials,Specialty Chemicals,7849347584,INR,NSE,EQUITY,
BHAGYANGR.NS,BHAGYANGR,Bhagyanagar India Limited,Basic Materials,Copper,4412110336,INR,NSE,EQUITY,
BHARATRAS.NS,BHARATRAS,Bharat Rasayan Limited,Basic Materials,Agricultural Inputs,40044388352,INR,NSE,EQUITY,
BHARATWIRE.NS,BHARATWIRE,Bharat Wire Ropes Limited,Basic Materials,Steel,12437826560,INR,NSE,EQUITY,
BILVYAPAR.NS,BILVYAPAR,BIL Vyapar Limited,Basic Materials,Specialty Chemicals,227404768,INR,NSE,EQUITY,
BIRLACORPN.NS,BIRLACORPN,Birla Corporation Limited,Basic Materials,Building Materials,82916655104,INR,NSE,EQUITY,
BMWVENTLTD.NS,BMWVENTLTD,BMW VENTURES LIMITED,Basic Materials,Steel,5218508800,INR,NSE,EQUITY,
BODALCHEM.NS,BODALCHEM,Bodal Chemicals Limited,Basic Materials,Specialty Chemicals,6673051648,INR,NSE,EQUITY,
BOHRAIND.NS,BOHRAIND,Bohra Industries Limited,Basic Materials,Agricultural Inputs,199455840,INR,NSE,EQUITY,
BSHSL.NS,BSHSL,Bombay Super Hybrid Seeds Limited,Basic Materials,Agricultural Inputs,10708849664,INR,NSE,EQUITY,
BVCL.NS,BVCL,Barak Valley Cements Limited,Basic Materials,Building Materials,971917312,INR,NSE,EQUITY,
CAMLINFINE.NS,CAMLINFINE,Camlin Fine Sciences Limited,Basic Materials,Specialty Chemicals,30618603520,INR,NSE,EQUITY,
CENTEXT.NS,CENTEXT,Century Extrusions Limited,Basic Materials,Aluminum,1712055040,INR,NSE,EQUITY,
CENTURYPLY.NS,CENTURYPLY,Century Plyboards (India) Limited,Basic Materials,Lumber & Wood Production,184562778112,INR,NSE,EQUITY,
CHAMBLFERT.NS,CHAMBLFERT,Chambal Fertilisers and Chemicals Limited,Basic Materials,Agricultural Inputs,178610782208,INR,NSE,EQUITY,
CHEMBOND.NS,CHEMBOND,Chembond Material Technologies Limited,Basic Materials,Specialty Chemicals,2194626048,INR,NSE,EQUITY,
CHEMBONDCH.NS,CHEMBONDCH,Chembond Chemicals Limited,Basic Materials,Specialty Chemicals,4234327808,INR,NSE,EQUITY,
CHEMCON.NS,CHEMCON,Chemcon Speciality Chemicals Limited,Basic Materials,Specialty Chemicals,7399767552,INR,NSE,EQUITY,
CHEMFAB.NS,CHEMFAB,Chemfab Alkalis Limited,Basic Materials,Specialty Chemicals,6501944320,INR,NSE,EQUITY,
CHEMPLASTS.NS,CHEMPLASTS,Chemplast Sanmar Limited,Basic Materials,Chemicals,40531390464,INR,NSE,EQUITY,
CLEAN.NS,CLEAN,Clean Science and Technology Limited,Basic Materials,Specialty Chemicals,95622275072,INR,NSE,EQUITY,
COROMANDEL.NS,COROMANDEL,Coromandel International Limited,Basic Materials,Agricultural Inputs,683554308096,INR,NSE,EQUITY,
CUBEXTUB.NS,CUBEXTUB,Cubex Tubings Limited,Basic Materials,Copper,1375024256,INR,NSE,EQUITY,
DALBHARAT.NS,DALBHARAT,Dalmia Bharat Limited,Basic Materials,Building Materials,387672473600,INR,NSE,EQUITY,
DCW.NS,DCW,DCW Limited,Basic Materials,Chemicals,17755545600,INR,NSE,EQUITY,
DDEVPLSTIK.NS,DDEVPLSTIK,Ddev Plastiks Industries Limited,Basic Materials,Specialty Chemicals,29613414400,INR,NSE,EQUITY,
DECCANCE.NS,DECCANCE,Deccan Cements Limited,Basic Materials,Building Materials,10794880000,INR,NSE,EQUITY,
DEEPAKFERT.NS,DEEPAKFERT,Deepak Fertilisers And Petrochemicals Corporation Limited,Basic Materials,Chemicals,154304954368,INR,NSE,EQUITY,
DEEPAKNTR.NS,DEEPAKNTR,Deepak Nitrite Limited,Basic Materials,Chemicals,217702268928,INR,NSE,EQUITY,
DHANUKA.NS,DHANUKA,Dhanuka Agritech Limited,Basic Materials,Agricultural Inputs,53643206656,INR,NSE,EQUITY,
DHARMAJ.NS,DHARMAJ,Dharmaj Crop Guard Limited,Basic Materials,Agricultural Inputs,7902443008,INR,NSE,EQUITY,
DIAMINESQ.NS,DIAMINESQ,Diamines and Chemicals Limited,Basic Materials,Chemicals,2553854208,INR,NSE,EQUITY,
DICIND.NS,DICIND,DIC India Limited,Basic Materials,Specialty Chemicals,4569881600,INR,NSE,EQUITY,
DMCC.NS,DMCC,DMCC Speciality Chemicals Limited,Basic Materials,Chemicals,6568687104,INR,NSE,EQUITY,
DYNPRO.NS,DYNPRO,Dynemic Products Limited,Basic Materials,Specialty Chemicals,3346964480,INR,NSE,EQUITY,
EIDPARRY.NS,EIDPARRY,E.I.D.- Parry (India) Limited,Basic Materials,Agricultural Inputs,182817587200,INR,NSE,EQUITY,
ELECTHERM.NS,ELECTHERM,Electrotherm (India) Limited,Basic Materials,Steel,10797623296,INR,NSE,EQUITY,
ELLEN.NS,ELLEN,ELLENBARRIE INDUS GASES L,Basic Materials,Chemicals,49834827776,INR,NSE,EQUITY,
EMAMIPAP.NS,EMAMIPAP,Emami Paper Mills Limited,Basic Materials,Paper & Paper Products,5452598784,INR,NSE,EQUITY,
EPIGRAL.NS,EPIGRAL,Epigral Limited,Basic Materials,Chemicals,61252194304,INR,NSE,EQUITY,
ESTER.NS,ESTER,Ester Industries Limited,Basic Materials,Specialty Chemicals,10269557760,INR,NSE,EQUITY,
EUROPRATIK.NS,EUROPRATIK,EURO PRATIK SALES LIMITED,Basic Materials,Building Materials,29806628864,INR,NSE,EQUITY,
EXCELINDUS.NS,EXCELINDUS,Excel Industries Limited,Basic Materials,Specialty Chemicals,11648003072,INR,NSE,EQUITY,
FACT.NS,FACT,The Fertilisers and Chemicals Travancore Limited,Basic Materials,Agricultural Inputs,580164714496,INR,NSE,EQUITY,
FAIRCHEMOR.NS,FAIRCHEMOR,Fairchem Organics Limited,Basic Materials,Specialty Chemicals,8870489088,INR,NSE,EQUITY,
FCL.NS,FCL,Fineotex Chemical Limited,Basic Materials,Specialty Chemicals,28268388352,INR,NSE,EQUITY,
FINEORG.NS,FINEORG,Fine Organic Industries Limited,Basic Materials,Specialty Chemicals,132334592000,INR,NSE,EQUITY,
FLUOROCHEM.NS,FLUOROCHEM,Gujarat Fluorochemicals Limited,Basic Materials,Specialty Chemicals,386968584192,INR,NSE,EQUITY,
FOSECOIND.NS,FOSECOIND,Foseco India Limited,Basic Materials,Chemicals,38202597376,INR,NSE,EQUITY,
GALAXYSURF.NS,GALAXYSURF,Galaxy Surfactants Limited,Basic Materials,Specialty Chemicals,70459228160,INR,NSE,EQUITY,
GALLANTT.NS,GALLANTT,Gallantt Ispat Limited,Basic Materials,Steel,143755526144,INR,NSE,EQUITY,
GANESHBE.NS,GANESHBE,Ganesh Benzoplast Limited,Basic Materials,Specialty Chemicals,5767941632,INR,NSE,EQUITY,
GEMAROMA.NS,GEMAROMA,GEM AROMATICS LIMITED,Basic Materials,Chemicals,7671024128,INR,NSE,EQUITY,
GENUSPAPER.NS,GENUSPAPER,Genus Paper & Boards Limited,Basic Materials,Paper & Paper Products,3453201408,INR,NSE,EQUITY,
GHCL.NS,GHCL,GHCL Limited,Basic Materials,Chemicals,51965665280,INR,NSE,EQUITY,
GNFC.NS,GNFC,Gujarat Narmada Valley Fertilizers & Chemicals Limited,Basic Materials,Chemicals,72478859264,INR,NSE,EQUITY,
GOACARBON.NS,GOACARBON,Goa Carbon Limited,Basic Materials,Specialty Chemicals,3807294976,INR,NSE,EQUITY,
GOCLCORP.NS,GOCLCORP,GOCL Corporation Limited,Basic Materials,Specialty Chemicals,15036414976,INR,NSE,EQUITY,
GODAVARIB.NS,GODAVARIB,GODAVARI BIOREFINERIES L,Basic Materials,Chemicals,13828259840,INR,NSE,EQUITY,
GOODLUCK.NS,GOODLUCK,Goodluck India Limited,Basic Materials,Steel,35828228096,INR,NSE,EQUITY,
GOYALALUM.NS,GOYALALUM,Goyal Aluminiums Limited,Basic Materials,Aluminum,999069376,INR,NSE,EQUITY,
GPIL.NS,GPIL,Godawari Power & Ispat Limited,Basic Materials,Steel,156846145536,INR,NSE,EQUITY,
GRASIM.NS,GRASIM,Grasim Industries Limited,Basic Materials,Building Materials,1899621908480,INR,NSE,EQUITY,
GREENPANEL.NS,GREENPANEL,Greenpanel Industries Limited,Basic Materials,Lumber & Wood Production,28747538432,INR,NSE,EQUITY,
GREENPLY.NS,GREENPLY,Greenply Industries Limited,Basic Materials,Lumber & Wood Production,34281699328,INR,NSE,EQUITY,
GRWRHITECH.NS,GRWRHITECH,Garware Hi-Tech Films Limited,Basic Materials,Specialty Chemicals,82637627392,INR,NSE,EQUITY,
GSFC.NS,GSFC,Gujarat State Fertilizers & Chemicals Limited,Basic Materials,Agricultural Inputs,68705591296,INR,NSE,EQUITY,
GSLSU.NS,GSLSU,Global Surfaces Limited,Basic Materials,Building Materials,4856422400,INR,NSE,EQUITY,
GUJALKALI.NS,GUJALKALI,Gujarat Alkalies and Chemicals Limited,Basic Materials,Chemicals,37129981952,INR,NSE,EQUITY,
GULFOILLUB.NS,GULFOILLUB,Gulf Oil Lubricants India Limited,Basic Materials,Specialty Chemicals,59153575936,INR,NSE,EQUITY,
GULPOLY.NS,GULPOLY,Gulshan Polyols Limited,Basic Materials,Chemicals,8414661632,INR,NSE,EQUITY,
HARIOMPIPE.NS,HARIOMPIPE,Hariom Pipe Industries Limited,Basic Materials,Steel,11115708416,INR,NSE,EQUITY,
HEIDELBERG.NS,HEIDELBERG,HeidelbergCement India Limited,Basic Materials,Building Materials,38783418368,INR,NSE,EQUITY,
HERANBA.NS,HERANBA,Heranba Industries Limited,Basic Materials,Agricultural Inputs,9749280768,INR,NSE,EQUITY,
HEUBACHIND.NS,HEUBACHIND,Sudarshan Colorants India Limited,Basic Materials,Specialty Chemicals,10563467264,INR,NSE,EQUITY,
HINDALCO.NS,HINDALCO,Hindalco Industries Limited,Basic Materials,Aluminum,1871137079296,INR,NSE,EQUITY,
HINDCON.NS,HINDCON,Hindcon Chemicals Limited,Basic Materials,Specialty Chemicals,1450742272,INR,NSE,EQUITY,
HINDCOPPER.NS,HINDCOPPER,Hindustan Copper Limited,Basic Materials,Copper,357218648064,INR,NSE,EQUITY,
HINDZINC.NS,HINDZINC,Hindustan Zinc Limited,Basic Materials,Other Industrial Metals & Mining,2398713544704,INR,NSE,EQUITY,
HISARMETAL.NS,HISARMETAL,Hisar Metal Industries Limited,Basic Materials,Steel,885708032,INR,NSE,EQUITY,
HITECH.NS,HITECH,Hi-Tech Pipes Limited,Basic Materials,Steel,19063222272,INR,NSE,EQUITY,
HPAL.NS,HPAL,HP Adhesives Limited,Basic Materials,Specialty Chemicals,3931705600,INR,NSE,EQUITY,
HPIL.NS,HPIL,Hindprakash Industries Limited,Basic Materials,Specialty Chemicals,1504669696,INR,NSE,EQUITY,
HSCL.NS,HSCL,Himadri Speciality Chemical Limited,Basic Materials,Specialty Chemicals,237174358016,INR,NSE,EQUITY,
IFGLEXPOR.NS,IFGLEXPOR,IFGL Refractories Limited,Basic Materials,Building Materials,15070737408,INR,NSE,EQUITY,
IGCL.NS,IGCL,INDOGULF CROPSCIENCES LTD,Basic Materials,Agricultural Inputs,5228624384,INR,NSE,EQUITY,
IGIL.NS,IGIL,International Gemmological Institute (India) Limited,Basic Materials,Other Precious Metals & Mining,138161471488,INR,NSE,EQUITY,
IGPL.NS,IGPL,I G Petrochemicals Limited,Basic Materials,Chemicals,12345655296,INR,NSE,EQUITY,
IMFA.NS,IMFA,Indian Metals and Ferro Alloys Limited,Basic Materials,Other Industrial Metals & Mining,76953600000,INR,NSE,EQUITY,
IMPEXFERRO.NS,IMPEXFERRO,Impex Ferro Tech Limited,Basic Materials,Other Industrial Metals & Mining,167084224,INR,NSE,EQUITY,
INCREDIBLE.NS,INCREDIBLE,Incredible Industries Limited,Basic Materials,Steel,1977327488,INR,NSE,EQUITY,
INDIACEM.NS,INDIACEM,The India Cements Limited,Basic Materials,Building Materials,190052450304,INR,NSE,EQUITY,
INDIAGLYCO.NS,INDIAGLYCO,India Glycols Limited,Basic Materials,Chemicals,71638212608,INR,NSE,EQUITY,
INDIGOPNTS.NS,INDIGOPNTS,Indigo Paints Limited,Basic Materials,Specialty Chemicals,58361683968,INR,NSE,EQUITY,
INDOAMIN.NS,INDOAMIN,Indo Amines Limited,Basic Materials,Chemicals,8663244800,INR,NSE,EQUITY,
INDOBORAX.NS,INDOBORAX,Indo Borax & Chemicals Limited,Basic Materials,Chemicals,8702487552,INR,NSE,EQUITY,
INDOUS.NS,INDOUS,Indo Us Bio-Tech Limited,Basic Materials,Agricultural Inputs,2578215424,INR,NSE,EQUITY,
INSECTICID.NS,INSECTICID,Insecticides (India) Limited,Basic Materials,Agricultural Inputs,20228816896,INR,NSE,EQUITY,
IPL.NS,IPL,India Pesticides Limited,Basic Materials,Agricultural Inputs,19409655808,INR,NSE,EQUITY,
ISHANCH.NS,ISHANCH,Ishan Dyes and Chemicals Limited,Basic Materials,Chemicals,1725580032,INR,NSE,EQUITY,
IVP.NS,IVP,IVP Limited,Basic Materials,Specialty Chemicals,1581845504,INR,NSE,EQUITY,
JAIBALAJI.NS,JAIBALAJI,Jai Balaji Industries Limited,Basic Materials,Steel,57377443840,INR,NSE,EQUITY,
JAICORPLTD.NS,JAICORPLTD,Jai Corp Limited,Basic Materials,Specialty Chemicals,22610038784,INR,NSE,EQUITY,
JAINREC.NS,JAINREC,JAIN RESOURCE RECYCLING L,Basic Materials,Other Industrial Metals & Mining,142748336128,INR,NSE,EQUITY,
JAYAGROGN.NS,JAYAGROGN,Jayant Agro-Organics Limited,Basic Materials,Specialty Chemicals,6074999808,INR,NSE,EQUITY,
JAYNECOIND.NS,JAYNECOIND,Jayaswal Neco Industries Limited,Basic Materials,Steel,70613327872,INR,NSE,EQUITY,
JGCHEM.NS,JGCHEM,J.G.CHEMICALS LIMITED,Basic Materials,Other Industrial Metals & Mining,14170728448,INR,NSE,EQUITY,
JINDALSAW.NS,JINDALSAW,Jindal Saw Limited,Basic Materials,Steel,103870734336,INR,NSE,EQUITY,
JINDALSTEL.NS,JINDALSTEL,Jindal Steel Limited,Basic Materials,Steel,1028884004864,INR,NSE,EQUITY,
JKCEMENT.NS,JKCEMENT,J.K. Cement Limited,Basic Materials,Building Materials,434556633088,INR,NSE,EQUITY,
JKLAKSHMI.NS,JKLAKSHMI,JK Lakshmi Cement Limited,Basic Materials,Building Materials,97006452736,INR,NSE,EQUITY,
JKPAPER.NS,JKPAPER,JK Paper Limited,Basic Materials,Paper & Paper Products,61947785216,INR,NSE,EQUITY,
JOCIL.NS,JOCIL,Jocil Limited,Basic Materials,Specialty Chemicals,1322847360,INR,NSE,EQUITY,
JSL.NS,JSL,Jindal Stainless Limited,Basic Materials,Steel,659181666304,INR,NSE,EQUITY,
JSWCEMENT.NS,JSWCEMENT,JSW CEMENT LIMITED,Basic Materials,Building Materials,162332180480,INR,NSE,EQUITY,
JSWSTEEL.NS,JSWSTEEL,JSW Steel Limited,Basic Materials,Steel,2644301578240,INR,NSE,EQUITY,
JTLIND.NS,JTLIND,JTL Industries Limited,Basic Materials,Steel,24014667776,INR,NSE,EQUITY,
JUBLCPL.NS,JUBLCPL,Jubilant Agri and Consumer Products Limited,Basic Materials,Specialty Chemicals,34273761280,INR,NSE,EQUITY,
JUBLINGREA.NS,JUBLINGREA,Jubilant Ingrevia Limited,Basic Materials,Specialty Chemicals,110732247040,INR,NSE,EQUITY,
KAKATCEM.NS,KAKATCEM,Kakatiya Cement Sugar and Industries Limited,Basic Materials,Building Materials,1027704000,INR,NSE,EQUITY,
KAMDHENU.NS,KAMDHENU,Kamdhenu Limited,Basic Materials,Steel,6937141248,INR,NSE,EQUITY,
KAMOPAINTS.NS,KAMOPAINTS,Kamdhenu Ventures Limited,Basic Materials,Steel,2069421312,INR,NSE,EQUITY,
KANORICHEM.NS,KANORICHEM,Kanoria Chemicals & Industries Limited,Basic Materials,Chemicals,3338607616,INR,NSE,EQUITY,
KANSAINER.NS,KANSAINER,Kansai Nerolac Paints Limited,Basic Materials,Specialty Chemicals,181716828160,INR,NSE,EQUITY,
KCP.NS,KCP,The KCP Limited,Basic Materials,Building Materials,23605465088,INR,NSE,EQUITY,
KESORAMIND.NS,KESORAMIND,Kesoram Industries Limited,Basic Materials,Building Materials,3006171392,INR,NSE,EQUITY,
KHAICHEM.NS,KHAICHEM,Khaitan Chemicals and Fertilizers Limited,Basic Materials,Agricultural Inputs,7937595904,INR,NSE,EQUITY,
KINGFA.NS,KINGFA,Kingfa Science & Technology (India) Limited,Basic Materials,Specialty Chemicals,51771695104,INR,NSE,EQUITY,
KIOCL.NS,KIOCL,KIOCL Limited,Basic Materials,Steel,205511032832,INR,NSE,EQUITY,
KIRIINDUS.NS,KIRIINDUS,Kiri Industries Limited,Basic Materials,Specialty Chemicals,34410930176,INR,NSE,EQUITY,
KOTHARIPET.NS,KOTHARIPET,Kothari Petrochemicals Limited,Basic Materials,Specialty Chemicals,7426415616,INR,NSE,EQUITY,
KRIDHANINF.NS,KRIDHANINF,Kridhan Infra Limited,Basic Materials,Steel,410393952,INR,NSE,EQUITY,
KRISHANA.NS,KRISHANA,Krishana Phoschem Limited,Basic Materials,Agricultural Inputs,33297252352,INR,NSE,EQUITY,
KRITIKA.NS,KRITIKA,Kritika Wires Limited,Basic Materials,Steel,1943844096,INR,NSE,EQUITY,
KRONOX.NS,KRONOX,KRONOX LAB SCIENCES LTD,Basic Materials,Specialty Chemicals,5337039360,INR,NSE,EQUITY,
KSCL.NS,KSCL,Kaveri Seed Company Limited,Basic Materials,Agricultural Inputs,49448542208,INR,NSE,EQUITY,
KSL.NS,KSL,Kalyani Steels Limited,Basic Materials,Steel,31958321152,INR,NSE,EQUITY,
KUANTUM.NS,KUANTUM,Kuantum Papers Limited,Basic Materials,Paper & Paper Products,8019842048,INR,NSE,EQUITY,
LINDEINDIA.NS,LINDEINDIA,Linde India Limited,Basic Materials,Specialty Chemicals,515457843200,INR,NSE,EQUITY,
LLOYDSENT.NS,LLOYDSENT,Lloyds Enterprises Limited,Basic Materials,Steel,98905300992,INR,NSE,EQUITY,
LLOYDSME.NS,LLOYDSME,Lloyds Metals and Energy Limited,Basic Materials,Steel,694802579456,INR,NSE,EQUITY,
LORDSCHLO.NS,LORDSCHLO,Lords Chloro Alkali Limited,Basic Materials,Chemicals,4522412544,INR,NSE,EQUITY,
LXCHEM.NS,LXCHEM,Laxmi Organic Industries Limited,Basic Materials,Specialty Chemicals,47692525568,INR,NSE,EQUITY,
MAANALU.NS,MAANALU,Maan Aluminium Limited,Basic Materials,Aluminum,8771744768,INR,NSE,EQUITY,
MADRASFERT.NS,MADRASFERT,Madras Fertilizers Limited,Basic Materials,Agricultural Inputs,12198590464,INR,NSE,EQUITY,
MAGNUM.NS,MAGNUM,Magnum Ventures Limited,Basic Materials,Paper & Paper Products,1770239488,INR,NSE,EQUITY,
MAHASTEEL.NS,MAHASTEEL,Mahamaya Steel Industries Limited,Basic Materials,Steel,13467696128,INR,NSE,EQUITY,
MAHSEAMLES.NS,MAHSEAMLES,Maharashtra Seamless Limited,Basic Materials,Steel,75689467904,INR,NSE,EQUITY,
MAITHANALL.NS,MAITHANALL,Maithan Alloys Limited,Basic Materials,Steel,27580774400,INR,NSE,EQUITY,
MALUPAPER.NS,MALUPAPER,Malu Paper Mills Limited,Basic Materials,Paper & Paper Products,607707968,INR,NSE,EQUITY,
MANAKALUCO.NS,MANAKALUCO,Manaksia Aluminium Company Limited,Basic Materials,Aluminum,1601432192,INR,NSE,EQUITY,
MANAKSTEEL.NS,MANAKSTEEL,Manaksia Steels Limited,Basic Materials,Steel,3791144704,INR,NSE,EQUITY,
MANALIPETC.NS,MANALIPETC,Manali Petrochemicals Limited,Basic Materials,Specialty Chemicals,10493672448,INR,NSE,EQUITY,
MANGLMCEM.NS,MANGLMCEM,Mangalam Cement Limited,Basic Materials,Building Materials,20921962496,INR,NSE,EQUITY,
MANINDS.NS,MANINDS,Man Industries (India) Limited,Basic Materials,Steel,31879065600,INR,NSE,EQUITY,
MANORG.NS,MANORG,Mangalam Organics Limited,Basic Materials,Specialty Chemicals,4153753344,INR,NSE,EQUITY,
MBAPL.NS,MBAPL,Madhya Bharat Agro Products Limited,Basic Materials,Agricultural Inputs,35633496064,INR,NSE,EQUITY,
MCL.NS,MCL,Madhav Copper Limited,Basic Materials,Copper,1437754112,INR,NSE,EQUITY,
MIDHANI.NS,MIDHANI,Mishra Dhatu Nigam Limited,Basic Materials,Steel,55939723264,INR,NSE,EQUITY,
MIDWESTLTD.NS,MIDWESTLTD,MIDWEST LIMITED,Basic Materials,Building Materials,54067650560,INR,NSE,EQUITY,
MMP.NS,MMP,MMP Industries Limited,Basic Materials,Aluminum,6344302592,INR,NSE,EQUITY,
MOIL.NS,MOIL,MOIL Limited,Basic Materials,Other Industrial Metals & Mining,66315829248,INR,NSE,EQUITY,
MOL.NS,MOL,Meghmani Organics Limited,Basic Materials,Agricultural Inputs,16171840512,INR,NSE,EQUITY,
MSPL.NS,MSPL,MSP Steel & Power Limited,Basic Materials,Steel,20387676160,INR,NSE,EQUITY,
MUKANDLTD.NS,MUKANDLTD,Mukand Limited,Basic Materials,Steel,19077107712,INR,NSE,EQUITY,
MWL.NS,MWL,MANGALAM WORLDWIDE LTD,Basic Materials,Steel,8148676608,INR,NSE,EQUITY,
NACLIND.NS,NACLIND,NACL Industries Limited,Basic Materials,Agricultural Inputs,36827181056,INR,NSE,EQUITY,
NAGAFERT.NS,NAGAFERT,Nagarjuna Fertilizers and Chemicals Limited,Basic Materials,Agricultural Inputs,2864731392,INR,NSE,EQUITY,
NARMADA.NS,NARMADA,Narmada Agrobase Limited,Basic Materials,Agricultural Inputs,802733888,INR,NSE,EQUITY,
NATHBIOGEN.NS,NATHBIOGEN,Nath Bio-Genes (India) Limited,Basic Materials,Agricultural Inputs,2897349888,INR,NSE,EQUITY,
NATIONALUM.NS,NATIONALUM,National Aluminium Company Limited,Basic Materials,Aluminum,508661727232,INR,NSE,EQUITY,
NAVINFLUOR.NS,NAVINFLUOR,Navin Fluorine International Limited,Basic Materials,Chemicals,308971929600,INR,NSE,EQUITY,
NAVKARURB.NS,NAVKARURB,Navkar Urbanstructure Limited,Basic Materials,Building Materials,1729889408,INR,NSE,EQUITY,
NCLIND.NS,NCLIND,NCL Industries Limited,Basic Materials,Building Materials,9042939904,INR,NSE,EQUITY,
NEOGEN.NS,NEOGEN,Neogen Chemicals Limited,Basic Materials,Specialty Chemicals,30009171968,INR,NSE,EQUITY,
NFL.NS,NFL,National Fertilizers Limited,Basic Materials,Agricultural Inputs,42758815744,INR,NSE,EQUITY,
NMDC.NS,NMDC,NMDC Limited,Basic Materials,Steel,678644088832,INR,NSE,EQUITY,
NOCIL.NS,NOCIL,NOCIL Limited,Basic Materials,Specialty Chemicals,25948993536,INR,NSE,EQUITY,
NOVAAGRI.NS,NOVAAGRI,Nova Agritech Limited,Basic Materials,Agricultural Inputs,3543180032,INR,NSE,EQUITY,
NRAIL.NS,NRAIL,N R Agarwal Industries Limited,Basic Materials,Paper & Paper Products,8124918272,INR,NSE,EQUITY,
NSLNISP.NS,NSLNISP,NMDC Steel Limited,Basic Materials,Steel,118249938944,INR,NSE,EQUITY,
NUVOCO.NS,NUVOCO,Nuvoco Vistas Corporation Limited,Basic Materials,Building Materials,128208322560,INR,NSE,EQUITY,
OAL.NS,OAL,Oriental Aromatics Limited,Basic Materials,Specialty Chemicals,10186812416,INR,NSE,EQUITY,
OCCLLTD.NS,OCCLLTD,OCCL Limited,Basic Materials,Chemicals,4736141312,INR,NSE,EQUITY,
OMKARCHEM.NS,OMKARCHEM,Omkar Speciality Chemicals Limited,Basic Materials,Specialty Chemicals,113384808,INR,NSE,EQUITY,
ORIENTCEM.NS,ORIENTCEM,Orient Cement Limited,Basic Materials,Building Materials,34001555456,INR,NSE,EQUITY,
ORIENTCER.NS,ORIENTCER,Orient Ceratech Limited,Basic Materials,Specialty Chemicals,4944688128,INR,NSE,EQUITY,
ORIENTPPR.NS,ORIENTPPR,Orient Paper & Industries Limited,Basic Materials,Paper & Paper Products,4765686272,INR,NSE,EQUITY,
ORISSAMINE.NS,ORISSAMINE,The Orissa Minerals Development Company Limited,Basic Materials,Other Industrial Metals & Mining,28589400064,INR,NSE,EQUITY,
OSWALSEEDS.NS,OSWALSEEDS,ShreeOswal Seeds and Chemicals Limited,Basic Materials,Agricultural Inputs,1244906624,INR,NSE,EQUITY,
PAKKA.NS,PAKKA,Pakka Limited,Basic Materials,Paper & Paper Products,4635048448,INR,NSE,EQUITY,
PARADEEP.NS,PARADEEP,Paradeep Phosphates Limited,Basic Materials,Agricultural Inputs,166625148928,INR,NSE,EQUITY,
PAUSHAKLTD.NS,PAUSHAKLTD,Paushak Limited,Basic Materials,Specialty Chemicals,0,INR,NSE,EQUITY,
PCBL.NS,PCBL,PCBL Chemical Limited,Basic Materials,Specialty Chemicals,122344620032,INR,NSE,EQUITY,
PDMJEPAPER.NS,PDMJEPAPER,Pudumjee Paper Products Limited,Basic Materials,Paper & Paper Products,9331685376,INR,NSE,EQUITY,
PIDILITIND.NS,PIDILITIND,Pidilite Industries Limited,Basic Materials,Specialty Chemicals,1499194589184,INR,NSE,EQUITY,
PIIND.NS,PIIND,PI Industries Limited,Basic Materials,Agricultural Inputs,494446346240,INR,NSE,EQUITY,
PLASTIBLEN.NS,PLASTIBLEN,Plastiblends India Limited,Basic Materials,Specialty Chemicals,4248714240,INR,NSE,EQUITY,
PLATIND.NS,PLATIND,Platinum Industries Limited,Basic Materials,Specialty Chemicals,14259023872,INR,NSE,EQUITY,
POCL.NS,POCL,Pondy Oxides And Chemicals Limited,Basic Materials,Specialty Chemicals,39443980288,INR,NSE,EQUITY,
PODDARMENT.NS,PODDARMENT,Poddar Pigments Limited,Basic Materials,Specialty Chemicals,2845071360,INR,NSE,EQUITY,
POLYPLEX.NS,POLYPLEX,Polyplex Corporation Limited,Basic Materials,Specialty Chemicals,25346275328,INR,NSE,EQUITY,
PRAKASH.NS,PRAKASH,Prakash Industries Limited,Basic Materials,Steel,23856242688,INR,NSE,EQUITY,
PRAKASHSTL.NS,PRAKASHSTL,Prakash Steelage Limited,Basic Materials,Steel,699120000,INR,NSE,EQUITY,
PREMEXPLN.NS,PREMEXPLN,Premier Explosives Limited,Basic Materials,Specialty Chemicals,26483619840,INR,NSE,EQUITY,
PREMIERPOL.NS,PREMIERPOL,Premier Polyfilm Ltd.,Basic Materials,Specialty Chemicals,4350753792,INR,NSE,EQUITY,
PRIMO.NS,PRIMO,Primo Chemicals Limited,Basic Materials,Chemicals,5413947392,INR,NSE,EQUITY,
PRIVISCL.NS,PRIVISCL,Privi Speciality Chemicals Limited,Basic Materials,Specialty Chemicals,119606091776,INR,NSE,EQUITY,
PRSMJOHNSN.NS,PRSMJOHNSN,Prism Johnson Limited,Basic Materials,Building Materials,64228298752,INR,NSE,EQUITY,
PUNJABCHEM.NS,PUNJABCHEM,Punjab Chemicals and Crop Protection Limited,Basic Materials,Chemicals,15645322240,INR,NSE,EQUITY,
RAIN.NS,RAIN,Rain Industries Limited,Basic Materials,Specialty Chemicals,37452087296,INR,NSE,EQUITY,
RAJMET.NS,RAJMET,Rajnandini Metal Limited,Basic Materials,Copper,1105920000,INR,NSE,EQUITY,
RAJRATAN.NS,RAJRATAN,Rajratan Global Wire Limited,Basic Materials,Steel,23596001280,INR,NSE,EQUITY,
RALLIS.NS,RALLIS,Rallis India Limited,Basic Materials,Agricultural Inputs,52487155712,INR,NSE,EQUITY,
RAMAPHO.NS,RAMAPHO,Rama Phosphates Limited,Basic Materials,Agricultural Inputs,5562394624,INR,NSE,EQUITY,
RAMASTEEL.NS,RAMASTEEL,Rama Steel Tubes Limited,Basic Materials,Steel,16376770560,INR,NSE,EQUITY,
RAMCOCEM.NS,RAMCOCEM,The Ramco Cements Limited,Basic Materials,Building Materials,248083382272,INR,NSE,EQUITY,
RATNAMANI.NS,RATNAMANI,Ratnamani Metals & Tubes Limited,Basic Materials,Steel,163384459264,INR,NSE,EQUITY,
RATNAVEER.NS,RATNAVEER,Ratnaveer Precision Engineering Limited,Basic Materials,Steel,11001122816,INR,NSE,EQUITY,
RCF.NS,RCF,Rashtriya Chemicals and Fertilizers Limited,Basic Materials,Agricultural Inputs,78367301632,INR,NSE,EQUITY,
RESPONIND.NS,RESPONIND,Responsive Industries Limited,Basic Materials,Specialty Chemicals,52076646400,INR,NSE,EQUITY,
RHETAN.NS,RHETAN,Rhetan TMT Limited,Basic Materials,Steel,19634999296,INR,NSE,EQUITY,
ROSSARI.NS,ROSSARI,Rossari Biotech Limited,Basic Materials,Specialty Chemicals,31831406592,INR,NSE,EQUITY,
RPEL.NS,RPEL,Raghav Productivity Enhancers Limited,Basic Materials,Chemicals,44153532416,INR,NSE,EQUITY,
RUBFILA.NS,RUBFILA,Rubfila International Limited,Basic Materials,Specialty Chemicals,3994089984,INR,NSE,EQUITY,
RUCHIRA.NS,RUCHIRA,Ruchira Papers Limited,Basic Materials,Paper & Paper Products,3557223680,INR,NSE,EQUITY,
SADHNANIQ.NS,SADHNANIQ,Sadhana Nitro Chem Limited,Basic Materials,Chemicals,2471542528,INR,NSE,EQUITY,
SAGARDEEP.NS,SAGARDEEP,Sagardeep Alloys Limited,Basic Materials,Copper,443492416,INR,NSE,EQUITY,
SAGCEM.NS,SAGCEM,Sagar Cements Limited,Basic Materials,Building Materials,27814795264,INR,NSE,EQUITY,
SAIL.NS,SAIL,Steel Authority of India Limited,Basic Materials,Steel,536522784768,INR,NSE,EQUITY,
SALASAR.NS,SALASAR,Salasar Techno Engineering Limited,Basic Materials,Steel,15766512640,INR,NSE,EQUITY,
SALSTEEL.NS,SALSTEEL,S.A.L. Steel Limited,Basic Materials,Steel,4024093440,INR,NSE,EQUITY,
SAMBHV.NS,SAMBHV,SAMBHV STEEL TUBES LTD,Basic Materials,Steel,28039651328,INR,NSE,EQUITY,
SAMPANN.NS,SAMPANN,Sampann Utpadan India Limited,Basic Materials,Specialty Chemicals,1561431936,INR,NSE,EQUITY,
SANDUMA.NS,SANDUMA,The Sandur Manganese & Iron Ores Limited,Basic Materials,Steel,300208619520,INR,NSE,EQUITY,
SANGHIIND.NS,SANGHIIND,Sanghi Industries Limited,Basic Materials,Building Materials,16284871680,INR,NSE,EQUITY,
SANGINITA.NS,SANGINITA,Sanginita Chemicals Limited,Basic Materials,Chemicals,256684352,INR,NSE,EQUITY,
SANSTAR.NS,SANSTAR,SANSTAR LIMITED,Basic Materials,Chemicals,16547778560,INR,NSE,EQUITY,
SARDAEN.NS,SARDAEN,Sarda Energy & Minerals Limited,Basic Materials,Steel,178798264320,INR,NSE,EQUITY,
SATIA.NS,SATIA,Satia Industries Limited,Basic Materials,Paper & Paper Products,6673707008,INR,NSE,EQUITY,
SAURASHCEM.NS,SAURASHCEM,Saurashtra Cement Limited,Basic Materials,Building Materials,9336365056,INR,NSE,EQUITY,
SCODATUBES.NS,SCODATUBES,Scoda Tubes Limited,Basic Materials,Steel,9387125760,INR,NSE,EQUITY,
SESHAPAPER.NS,SESHAPAPER,Seshasayee Paper and Boards Limited,Basic Materials,Paper & Paper Products,15323757568,INR,NSE,EQUITY,
SHAH.NS,SHAH,Shah Metacorp Limited,Basic Materials,Steel,4222455808,INR,NSE,EQUITY,
SHAHALLOYS.NS,SHAHALLOYS,Shah Alloys Limited,Basic Materials,Steel,1358389248,INR,NSE,EQUITY,
SHAILY.NS,SHAILY,Shaily Engineering Plastics Limited,Basic Materials,Specialty Chemicals,108338495488,INR,NSE,EQUITY,
SHALPAINTS.NS,SHALPAINTS,Shalimar Paints Limited,Basic Materials,Specialty Chemicals,4805299200,INR,NSE,EQUITY,
SHARDACROP.NS,SHARDACROP,Sharda Cropchem Limited,Basic Materials,Agricultural Inputs,84356161536,INR,NSE,EQUITY,
SHIVALIK.NS,SHIVALIK,Shivalik Rasayan Limited,Basic Materials,Agricultural Inputs,5892656128,INR,NSE,EQUITY,
SHIVAUM.NS,SHIVAUM,SHIV AUM STEELS LIMITED,Basic Materials,Steel,3835312896,INR,NSE,EQUITY,
SHK.NS,SHK,S H Kelkar and Company Limited,Basic Materials,Specialty Chemicals,23117656064,INR,NSE,EQUITY,
SHREDIGCEM.NS,SHREDIGCEM,Shree Digvijay Cement Company Limited,Basic Materials,Building Materials,13346737152,INR,NSE,EQUITY,
SHREECEM.NS,SHREECEM,Shree Cement Limited,Basic Materials,Building Materials,938709549056,INR,NSE,EQUITY,
SHREEPUSHK.NS,SHREEPUSHK,Shree Pushkar Chemicals & Fertilisers Limited,Basic Materials,Specialty Chemicals,12301442048,INR,NSE,EQUITY,
SHRENIK.NS,SHRENIK,Shrenik Limited,Basic Materials,Paper & Paper Products,312120000,INR,NSE,EQUITY,
SHREYANIND.NS,SHREYANIND,Shreyans Industries Limited,Basic Materials,Paper & Paper Products,2429585152,INR,NSE,EQUITY,
SHYAMCENT.NS,SHYAMCENT,Shyam Century Ferrous Limited,Basic Materials,Steel,1317594240,INR,NSE,EQUITY,
SHYAMMETL.NS,SHYAMMETL,Shyam Metalics and Energy Limited,Basic Materials,Steel,224558153728,INR,NSE,EQUITY,
SIKKO.NS,SIKKO,Sikko Industries Limited,Basic Materials,Agricultural Inputs,2297568000,INR,NSE,EQUITY,
SIRCA.NS,SIRCA,Sirca Paints India Limited,Basic Materials,Specialty Chemicals,27348602880,INR,NSE,EQUITY,
SOLARINDS.NS,SOLARINDS,Solar Industries India Limited,Basic Materials,Specialty Chemicals,1078460481536,INR,NSE,EQUITY,
SOTL.NS,SOTL,Savita Oil Technologies Limited,Basic Materials,Specialty Chemicals,25086255104,INR,NSE,EQUITY,
SPIC.NS,SPIC,Southern Petrochemical Industries Corporation Limited,Basic Materials,Agricultural Inputs,16523376640,INR,NSE,EQUITY,
SPLPETRO.NS,SPLPETRO,Supreme Petrochem Limited,Basic Materials,Specialty Chemicals,121042214912,INR,NSE,EQUITY,
SRD.NS,SRD,Shankar Lal Rampal Dye-Chem Limited,Basic Materials,Specialty Chemicals,3905171968,INR,NSE,EQUITY,
SRHHYPOLTD.NS,SRHHYPOLTD,Sree Rayalaseema Hi-Strength Hypo Limited,Basic Materials,Chemicals,9171052544,INR,NSE,EQUITY,
STALLION.NS,STALLION,STALLION IND FLUOROCHEM L,Basic Materials,Specialty Chemicals,16317999104,INR,NSE,EQUITY,
STARCEMENT.NS,STARCEMENT,Star Cement Limited,Basic Materials,Building Materials,88473059328,INR,NSE,EQUITY,
STARPAPER.NS,STARPAPER,Star Paper Mills Limited,Basic Materials,Paper & Paper Products,2528730112,INR,NSE,EQUITY,
STEELCAS.NS,STEELCAS,Steelcast Limited,Basic Materials,Steel,21166331904,INR,NSE,EQUITY,
STEELXIND.NS,STEELXIND,Steel Exchange India Limited,Basic Materials,Steel,10040125440,INR,NSE,EQUITY,
STYRENIX.NS,STYRENIX,Styrenix Performance Materials Limited,Basic Materials,Chemicals,35897536512,INR,NSE,EQUITY,
SUDARSCHEM.NS,SUDARSCHEM,Sudarshan Chemical Industries Limited,Basic Materials,Specialty Chemicals,75587985408,INR,NSE,EQUITY,
SUKHJITS.NS,SUKHJITS,The Sukhjit Starch & Chemicals Limited,Basic Materials,Specialty Chemicals,4556298752,INR,NSE,EQUITY,
SUMICHEM.NS,SUMICHEM,Sumitomo Chemical India Limited,Basic Materials,Agricultural Inputs,227535585280,INR,NSE,EQUITY,
SUNDARAM.NS,SUNDARAM,Sundaram Multi Pap Limited,Basic Materials,Paper & Paper Products,834024832,INR,NSE,EQUITY,
SUNFLAG.NS,SUNFLAG,Sunflag Iron and Steel Company Limited,Basic Materials,Steel,46361456640,INR,NSE,EQUITY,
SUPREMEENG.NS,SUPREMEENG,Supreme Engineering Limited,Basic Materials,Steel,324934976,INR,NSE,EQUITY,
SURAJLTD.NS,SURAJLTD,Suraj Limited,Basic Materials,Steel,4740692480,INR,NSE,EQUITY,
SURYAROSNI.NS,SURYAROSNI,Surya Roshni Limited,Basic Materials,Steel,58300903424,INR,NSE,EQUITY,
TAINWALCHM.NS,TAINWALCHM,Tainwala Chemicals and Plastics (India) Limited,Basic Materials,Specialty Chemicals,2000683008,INR,NSE,EQUITY,
TATACHEM.NS,TATACHEM,Tata Chemicals Limited,Basic Materials,Chemicals,192570277888,INR,NSE,EQUITY,
TATASTEEL.NS,TATASTEEL,Tata Steel Limited,Basic Materials,Steel,2118093897728,INR,NSE,EQUITY,
TATVA.NS,TATVA,Tatva Chintan Pharma Chem Limited,Basic Materials,Specialty Chemicals,33463056384,INR,NSE,EQUITY,
TINNARUBR.NS,TINNARUBR,Tinna Rubber and Infrastructure Limited,Basic Materials,Specialty Chemicals,14226142208,INR,NSE,EQUITY,
TIRUMALCHM.NS,TIRUMALCHM,Thirumalai Chemicals Limited,Basic Materials,Specialty Chemicals,28290281472,INR,NSE,EQUITY,
TNPETRO.NS,TNPETRO,Tamilnadu Petroproducts Limited,Basic Materials,Specialty Chemicals,9608600576,INR,NSE,EQUITY,
TNPL.NS,TNPL,Tamil Nadu Newsprint and Papers Limited,Basic Materials,Paper & Paper Products,9978783744,INR,NSE,EQUITY,
ULTRACEMCO.NS,ULTRACEMCO,UltraTech Cement Limited,Basic Materials,Building Materials,3390782046208,INR,NSE,EQUITY,
UNIENTER.NS,UNIENTER,Uniphos Enterprises Limited,Basic Materials,Chemicals,9924975616,INR,NSE,EQUITY,
UPL.NS,UPL,UPL Limited,Basic Materials,Agricultural Inputs,633240748032,INR,NSE,EQUITY,
USHAMART.NS,USHAMART,Usha Martin Limited,Basic Materials,Steel,138784030720,INR,NSE,EQUITY,
VALIANTORG.NS,VALIANTORG,Valiant Organics Limited,Basic Materials,Chemicals,7495245824,INR,NSE,EQUITY,
VASWANI.NS,VASWANI,Vaswani Industries Limited,Basic Materials,Steel,2046769024,INR,NSE,EQUITY,
VEDL.NS,VEDL,Vedanta Limited,Basic Materials,Other Industrial Metals & Mining,2224070852608,INR,NSE,EQUITY,
VEEDOL.NS,VEEDOL,Veedol Corporation Limited,Basic Materials,Specialty Chemicals,27954909184,INR,NSE,EQUITY,
VENUSPIPES.NS,VENUSPIPES,Venus Pipes and Tubes Limited,Basic Materials,Steel,25562667008,INR,NSE,EQUITY,
VIDHIING.NS,VIDHIING,Vidhi Specialty Food Ingredients Limited,Basic Materials,Specialty Chemicals,16798276608,INR,NSE,EQUITY,
VIKASECO.NS,VIKASECO,Vikas Ecotech Limited,Basic Materials,Specialty Chemicals,2288461824,INR,NSE,EQUITY,
VINATIORGA.NS,VINATIORGA,Vinati Organics Limited,Basic Materials,Specialty Chemicals,162931261440,INR,NSE,EQUITY,
VINEETLAB.NS,VINEETLAB,Vineet Laboratories Limited,Basic Materials,Chemicals,391992224,INR,NSE,EQUITY,
VINYLINDIA.NS,VINYLINDIA,Vinyl Chemicals (India) Limited,Basic Materials,Specialty Chemicals,4458301952,INR,NSE,EQUITY,
VISASTEEL.NS,VISASTEEL,VISA Steel Limited,Basic Materials,Steel,5637790720,INR,NSE,EQUITY,
VISHNU.NS,VISHNU,Vishnu Chemicals Limited,Basic Materials,Specialty Chemicals,34162503680,INR,NSE,EQUITY,
VMSTMT.NS,VMSTMT,VMS TMT LIMITED,Basic Materials,Steel,2644350720,INR,NSE,EQUITY,
VRAJ.NS,VRAJ,VRAJ IRON AND STEEL LTD,Basic Materials,Steel,4033114624,INR,NSE,EQUITY,
VSSL.NS,VSSL,Vardhman Special Steels Limited,Basic Materials,Steel,27777693696,INR,NSE,EQUITY,
VSTL.NS,VSTL,Vibhor Steel Tubes Limited,Basic Materials,Steel,2584581120,INR,NSE,EQUITY,
WELCORP.NS,WELCORP,Welspun Corp Limited,Basic Materials,Steel,212275953664,INR,NSE,EQUITY,
WIPL.NS,WIPL,The Western India Plywoods Limited,Basic Materials,Lumber & Wood Production,1322582144,INR,NSE,EQUITY,
WSTCSTPAPR.NS,WSTCSTPAPR,West Coast Paper Mills Limited,Basic Materials,Paper & Paper Products,26967769088,INR,NSE,EQUITY,
XPROINDIA.NS,XPROINDIA,Xpro India Limited,Basic Materials,Specialty Chemicals,23158503424,INR,NSE,EQUITY,
YASHO.NS,YASHO,Yasho Industries Limited,Basic Materials,Specialty Chemicals,17965199360,INR,NSE,EQUITY,
ZENITHSTL.NS,ZENITHSTL,Zenith Steel Pipes & Industries Limited,Basic Materials,Steel,1048606912,INR,NSE,EQUITY,
ZUARI.NS,ZUARI,Zuari Agro Chemicals Limited,Basic Materials,Agricultural Inputs,13273507840,INR,NSE,EQUITY,